standard,name,role,region,side,semantic,canonical,context,tags,note
ARKIT,browInnerUp,TEMPLATE,OTHER,NONE,OTHER,,,,
ARKIT,browDownLeft,TEMPLATE,OTHER,NONE,OTHER,,,,
ARKIT,browDownRight,TEMPLATE,OTHER,NONE,OTHER,,,,
ARKIT,browOuterUpLeft,TEMPLATE,OTHER,NONE,OTHER,,,,
ARKIT,browOuterUpRight,TEMPLATE,OTHER,NONE,OTHER,,,,
ARKIT,eyeLookUpLeft,TEMPLATE,EYE,LEFT,EYE_GAZE,eye.look_up.left,,,
ARKIT,eyeLookUpRight,TEMPLATE,EYE,RIGHT,EYE_GAZE,eye.look_up.right,,,
ARKIT,eyeLookDownLeft,TEMPLATE,EYE,LEFT,EYE_GAZE,eye.look_down.left,,,
ARKIT,eyeLookDownRight,TEMPLATE,EYE,RIGHT,EYE_GAZE,eye.look_down.right,,,
ARKIT,eyeLookInLeft,TEMPLATE,EYE,LEFT,EYE_GAZE,eye.look_in.left,,,
ARKIT,eyeLookInRight,TEMPLATE,EYE,RIGHT,EYE_GAZE,eye.look_in.right,,,
ARKIT,eyeLookOutLeft,TEMPLATE,EYE,LEFT,EYE_GAZE,eye.look_out.left,,,
ARKIT,eyeLookOutRight,TEMPLATE,EYE,RIGHT,EYE_GAZE,eye.look_out.right,,,
ARKIT,eyeBlinkLeft,TEMPLATE,EYE,LEFT,EYELID,eye.closed.left,,,
ARKIT,eyeBlinkRight,TEMPLATE,EYE,RIGHT,EYELID,eye.closed.right,,,
ARKIT,eyeSquintLeft,TEMPLATE,EYE,LEFT,EYELID,eye.squint.left,,,
ARKIT,eyeSquintRight,TEMPLATE,EYE,RIGHT,EYELID,eye.squint.right,,,
ARKIT,eyeWideLeft,TEMPLATE,EYE,LEFT,EYELID,eye.wide.left,,,
ARKIT,eyeWideRight,TEMPLATE,EYE,RIGHT,EYELID,eye.wide.right,,,
ARKIT,cheekPuff,TEMPLATE,OTHER,NONE,OTHER,,,,
ARKIT,cheekSquintLeft,TEMPLATE,EYE,LEFT,EYE_ORBIT,,,,
ARKIT,cheekSquintRight,TEMPLATE,EYE,RIGHT,EYE_ORBIT,,,,
ARKIT,noseSneerLeft,TEMPLATE,OTHER,NONE,OTHER,,,,
ARKIT,noseSneerRight,TEMPLATE,OTHER,NONE,OTHER,,,,
ARKIT,jawOpen,TEMPLATE,MOUTH,NONE,MOUTH,,,,
ARKIT,jawForward,TEMPLATE,MOUTH,NONE,MOUTH,,,,
ARKIT,jawLeft,TEMPLATE,MOUTH,NONE,MOUTH,,,,
ARKIT,jawRight,TEMPLATE,MOUTH,NONE,MOUTH,,,,
ARKIT,mouthFunnel,TEMPLATE,MOUTH,NONE,MOUTH,,,,
ARKIT,mouthPucker,TEMPLATE,MOUTH,NONE,MOUTH,,,,
ARKIT,mouthLeft,TEMPLATE,MOUTH,NONE,MOUTH,,,,
ARKIT,mouthRight,TEMPLATE,MOUTH,NONE,MOUTH,,,,
ARKIT,mouthRollUpper,TEMPLATE,MOUTH,NONE,MOUTH,,,,
ARKIT,mouthRollLower,TEMPLATE,MOUTH,NONE,MOUTH,,,,
ARKIT,mouthShrugUpper,TEMPLATE,MOUTH,NONE,MOUTH,,,,
ARKIT,mouthShrugLower,TEMPLATE,MOUTH,NONE,MOUTH,,,,
ARKIT,mouthClose,TEMPLATE,MOUTH,NONE,MOUTH,,,,
ARKIT,mouthSmileLeft,TEMPLATE,MOUTH,NONE,MOUTH,,,,
ARKIT,mouthSmileRight,TEMPLATE,MOUTH,NONE,MOUTH,,,,
ARKIT,mouthFrownLeft,TEMPLATE,MOUTH,NONE,MOUTH,,,,
ARKIT,mouthFrownRight,TEMPLATE,MOUTH,NONE,MOUTH,,,,
ARKIT,mouthDimpleLeft,TEMPLATE,MOUTH,NONE,MOUTH,,,,
ARKIT,mouthDimpleRight,TEMPLATE,MOUTH,NONE,MOUTH,,,,
ARKIT,mouthUpperUpLeft,TEMPLATE,MOUTH,NONE,MOUTH,,,,
ARKIT,mouthUpperUpRight,TEMPLATE,MOUTH,NONE,MOUTH,,,,
ARKIT,mouthLowerDownLeft,TEMPLATE,MOUTH,NONE,MOUTH,,,,
ARKIT,mouthLowerDownRight,TEMPLATE,MOUTH,NONE,MOUTH,,,,
ARKIT,mouthPressLeft,TEMPLATE,MOUTH,NONE,MOUTH,,,,
ARKIT,mouthPressRight,TEMPLATE,MOUTH,NONE,MOUTH,,,,
ARKIT,mouthStretchLeft,TEMPLATE,MOUTH,NONE,MOUTH,,,,
ARKIT,mouthStretchRight,TEMPLATE,MOUTH,NONE,MOUTH,,,,
ARKIT,tongueOut,TEMPLATE,MOUTH,NONE,MOUTH,,,,
VRCHAT,vrc.v_aa,TEMPLATE,MOUTH,NONE,VISEME,viseme.aa,,,
VRCHAT,vrc.v_ih,TEMPLATE,MOUTH,NONE,VISEME,viseme.ih,,,
VRCHAT,vrc.v_ou,TEMPLATE,MOUTH,NONE,VISEME,viseme.ou,,,
VRCHAT,vrc.v_e,TEMPLATE,MOUTH,NONE,VISEME,viseme.e,,,
VRCHAT,vrc.v_oh,TEMPLATE,MOUTH,NONE,VISEME,viseme.oh,,,
VRCHAT,vrc.v_sil,TEMPLATE,MOUTH,NONE,VISEME,viseme.sil,,,
VRCHAT,vrc.v_pp,TEMPLATE,MOUTH,NONE,VISEME,viseme.pp,,,
VRCHAT,vrc.v_ff,TEMPLATE,MOUTH,NONE,VISEME,viseme.ff,,,
VRCHAT,vrc.v_th,TEMPLATE,MOUTH,NONE,VISEME,viseme.th,,,
VRCHAT,vrc.v_dd,TEMPLATE,MOUTH,NONE,VISEME,viseme.dd,,,
VRCHAT,vrc.v_kk,TEMPLATE,MOUTH,NONE,VISEME,viseme.kk,,,
VRCHAT,vrc.v_ch,TEMPLATE,MOUTH,NONE,VISEME,viseme.ch,,,
VRCHAT,vrc.v_ss,TEMPLATE,MOUTH,NONE,VISEME,viseme.ss,,,
VRCHAT,vrc.v_nn,TEMPLATE,MOUTH,NONE,VISEME,viseme.nn,,,
VRCHAT,vrc.v_rr,TEMPLATE,MOUTH,NONE,VISEME,viseme.rr,,,
VRCHAT,vrc.looking_up,TEMPLATE,EYE,BOTH,EYE_GAZE,eye.look_up.both,,,
VRCHAT,vrc.looking_down,TEMPLATE,EYE,BOTH,EYE_GAZE,eye.look_down.both,,,
VRCHAT,vrc.blink,TEMPLATE,EYE,BOTH,EYELID,eye.closed.both,,,
VRCHAT,vrc.blink (3.0),ALIAS,EYE,BOTH,EYELID,eye.closed.both,,,
MMD,まばたき,TEMPLATE,EYE,BOTH,EYELID,eye.closed.both,,,
MMD,笑い,TEMPLATE,EYE,BOTH,EYELID,,,,
MMD,ウィンク,TEMPLATE,EYE,LEFT,EYELID,eye.closed.left,,,
MMD,ウィンク右,TEMPLATE,EYE,RIGHT,EYELID,eye.closed.right,,,
MMD,ウィンク２,TEMPLATE,EYE,LEFT,EYELID,eye.closed.left,,,
MMD,ｳｨﾝｸ２右,TEMPLATE,EYE,RIGHT,EYELID,eye.closed.right,,,
MMD,なごみ,TEMPLATE,EYE,BOTH,EYELID,,,,
MMD,はぅ,TEMPLATE,EYE,BOTH,EYELID,,,,
MMD,びっくり,TEMPLATE,EYE,BOTH,EYELID,,,,
MMD,じと目,TEMPLATE,EYE,BOTH,EYELID,,,,
MMD,ｷﾘｯ,TEMPLATE,EYE,BOTH,EYELID,,,,
MMD,はちゅ目,TEMPLATE,EYE,BOTH,EYELID,,,,
MMD,星目,TEMPLATE,OTHER,NONE,OTHER,,,,
MMD,はぁと,TEMPLATE,OTHER,NONE,OTHER,,,,
MMD,瞳小,TEMPLATE,OTHER,NONE,OTHER,,,,
MMD,瞳縦潰れ,TEMPLATE,OTHER,NONE,OTHER,,,,
MMD,光下,TEMPLATE,OTHER,NONE,OTHER,,,,
MMD,恐ろしい子！,TEMPLATE,EYE,BOTH,EYELID,,,,
MMD,ハイライト消,TEMPLATE,OTHER,NONE,OTHER,,,,
MMD,映り込み消,TEMPLATE,OTHER,NONE,OTHER,,,,
MMD,喜び,TEMPLATE,EYE,BOTH,EYELID,,,,
MMD,わぉ?!,TEMPLATE,OTHER,NONE,OTHER,,,,
MMD,なごみω,TEMPLATE,OTHER,NONE,OTHER,,,,
MMD,悲しむ,TEMPLATE,EYE,BOTH,EYELID,,,,
MMD,敵意,TEMPLATE,OTHER,NONE,OTHER,,,,
MMD,あ,TEMPLATE,MOUTH,NONE,MOUTH,,,,
MMD,い,TEMPLATE,MOUTH,NONE,MOUTH,,,,
MMD,う,TEMPLATE,MOUTH,NONE,MOUTH,,,,
MMD,え,TEMPLATE,MOUTH,NONE,MOUTH,,,,
MMD,お,TEMPLATE,MOUTH,NONE,MOUTH,,,,
MMD,あ２,TEMPLATE,MOUTH,NONE,MOUTH,,,,
MMD,ん,TEMPLATE,MOUTH,NONE,MOUTH,,,,
MMD,▲,TEMPLATE,MOUTH,NONE,MOUTH,,,,
MMD,∧,TEMPLATE,MOUTH,NONE,MOUTH,,,,
MMD,□,TEMPLATE,MOUTH,NONE,MOUTH,,,,
MMD,ワ,TEMPLATE,MOUTH,NONE,MOUTH,,,,
MMD,ω,TEMPLATE,MOUTH,NONE,MOUTH,,,,
MMD,ω□,TEMPLATE,MOUTH,NONE,MOUTH,,,,
MMD,にやり,TEMPLATE,MOUTH,NONE,MOUTH,,,,
MMD,にやり２,TEMPLATE,MOUTH,NONE,MOUTH,,,,
MMD,にっこり,TEMPLATE,MOUTH,NONE,MOUTH,,,,
MMD,ぺろっ,TEMPLATE,MOUTH,NONE,MOUTH,,,,
MMD,てへぺろ,TEMPLATE,MOUTH,NONE,MOUTH,,,,
MMD,てへぺろ２,TEMPLATE,MOUTH,NONE,MOUTH,,,,
MMD,口角上げ,TEMPLATE,MOUTH,NONE,MOUTH,,,,
MMD,口角下げ,TEMPLATE,MOUTH,NONE,MOUTH,,,,
MMD,口横広げ,TEMPLATE,MOUTH,NONE,MOUTH,,,,
MMD,歯無し上,TEMPLATE,MOUTH,NONE,MOUTH,,,,
MMD,歯無し下,TEMPLATE,MOUTH,NONE,MOUTH,,,,
MMD,真面目,TEMPLATE,OTHER,NONE,OTHER,,,,
MMD,困る,TEMPLATE,OTHER,NONE,OTHER,,,,
MMD,にこり,TEMPLATE,OTHER,NONE,OTHER,,,,
MMD,怒り,TEMPLATE,OTHER,NONE,OTHER,,,,
MMD,上,TEMPLATE,OTHER,NONE,OTHER,,,,
MMD,下,TEMPLATE,OTHER,NONE,OTHER,,,,
MMD,ジト目,ALIAS,EYE,BOTH,EYELID,,,,
MMD,えー,ALIAS,MOUTH,NONE,MOUTH,,,,
MMD,はんっ！,ALIAS,MOUTH,NONE,MOUTH,,,,
MMD,口横狭め,ALIAS,MOUTH,NONE,MOUTH,,,,
MMD,口上,ALIAS,MOUTH,NONE,MOUTH,,,,
MMD,口下,ALIAS,MOUTH,NONE,MOUTH,,,,
VRM,A,TEMPLATE,MOUTH,NONE,VISEME,viseme.a,VRM0_VISEME,,
VRM,I,TEMPLATE,MOUTH,NONE,VISEME,viseme.i,VRM0_VISEME,,
VRM,U,TEMPLATE,MOUTH,NONE,VISEME,viseme.u,VRM0_VISEME,,
VRM,E,TEMPLATE,MOUTH,NONE,VISEME,viseme.e,VRM0_VISEME,,
VRM,O,TEMPLATE,MOUTH,NONE,VISEME,viseme.o,VRM0_VISEME,,
VRM,Blink,TEMPLATE,EYE,BOTH,EYELID,eye.closed.both,,VRM0_MARKER,
VRM,Joy,TEMPLATE,OTHER,NONE,OTHER,,,VRM0_MARKER,
VRM,Angry,TEMPLATE,OTHER,NONE,OTHER,,,VRM0_MARKER,
VRM,Sorrow,TEMPLATE,OTHER,NONE,OTHER,,,VRM0_MARKER,
VRM,Fun,TEMPLATE,OTHER,NONE,OTHER,,,VRM0_MARKER,
VRM,LookUp,TEMPLATE,EYE,BOTH,EYE_GAZE,eye.look_up.both,,VRM0_MARKER,
VRM,LookDown,TEMPLATE,EYE,BOTH,EYE_GAZE,eye.look_down.both,,VRM0_MARKER,
VRM,LookLeft,TEMPLATE,EYE,BOTH,EYE_GAZE,eye.look_left.both,,VRM0_MARKER,
VRM,LookRight,TEMPLATE,EYE,BOTH,EYE_GAZE,eye.look_right.both,,VRM0_MARKER,
VRM,Blink_L,TEMPLATE,EYE,LEFT,EYELID,eye.closed.left,,VRM0_MARKER,
VRM,Blink_R,TEMPLATE,EYE,RIGHT,EYELID,eye.closed.right,,VRM0_MARKER,
VRM1,Neutral,TEMPLATE,OTHER,NONE,OTHER,,,,
VRM1,Happy,TEMPLATE,OTHER,NONE,OTHER,,,,
VRM1,Angry,TEMPLATE,OTHER,NONE,OTHER,,,,
VRM1,Sad,TEMPLATE,OTHER,NONE,OTHER,,,,
VRM1,Relaxed,TEMPLATE,OTHER,NONE,OTHER,,,,
VRM1,Surprised,TEMPLATE,OTHER,NONE,OTHER,,,,
VRM1,Aa,TEMPLATE,MOUTH,NONE,VISEME,viseme.aa,,,
VRM1,Ih,TEMPLATE,MOUTH,NONE,VISEME,viseme.ih,,,
VRM1,Ou,TEMPLATE,MOUTH,NONE,VISEME,viseme.ou,,,
VRM1,Ee,TEMPLATE,MOUTH,NONE,VISEME,viseme.ee,,,
VRM1,Oh,TEMPLATE,MOUTH,NONE,VISEME,viseme.oh,,,
VRM1,Blink,TEMPLATE,EYE,BOTH,EYELID,eye.closed.both,,,
VRM1,BlinkLeft,TEMPLATE,EYE,LEFT,EYELID,eye.closed.left,,,
VRM1,BlinkRight,TEMPLATE,EYE,RIGHT,EYELID,eye.closed.right,,,
VRM1,LookUp,TEMPLATE,EYE,BOTH,EYE_GAZE,eye.look_up.both,,,
VRM1,LookDown,TEMPLATE,EYE,BOTH,EYE_GAZE,eye.look_down.both,,,
VRM1,LookLeft,TEMPLATE,EYE,BOTH,EYE_GAZE,eye.look_left.both,,,
VRM1,LookRight,TEMPLATE,EYE,BOTH,EYE_GAZE,eye.look_right.both,,,
QUEST_PRO,EYES_LOOK_UP_R,TEMPLATE,EYE,RIGHT,EYE_GAZE,eye.look_up.right,,META_LONG,
QUEST_PRO,EYES_LOOK_DOWN_R,TEMPLATE,EYE,RIGHT,EYE_GAZE,eye.look_down.right,,META_LONG,
QUEST_PRO,EYES_LOOK_LEFT_R,TEMPLATE,EYE,RIGHT,EYE_GAZE,eye.look_left.right,,META_LONG,
QUEST_PRO,EYES_LOOK_RIGHT_R,TEMPLATE,EYE,RIGHT,EYE_GAZE,eye.look_right.right,,META_LONG,
QUEST_PRO,EYES_LOOK_UP_L,TEMPLATE,EYE,LEFT,EYE_GAZE,eye.look_up.left,,META_LONG,
QUEST_PRO,EYES_LOOK_DOWN_L,TEMPLATE,EYE,LEFT,EYE_GAZE,eye.look_down.left,,META_LONG,
QUEST_PRO,EYES_LOOK_LEFT_L,TEMPLATE,EYE,LEFT,EYE_GAZE,eye.look_left.left,,META_LONG,
QUEST_PRO,EYES_LOOK_RIGHT_L,TEMPLATE,EYE,LEFT,EYE_GAZE,eye.look_right.left,,META_LONG,
QUEST_PRO,EYES_CLOSED_R,TEMPLATE,EYE,RIGHT,EYELID,eye.closed.right,,META_LONG,
QUEST_PRO,EYES_CLOSED_L,TEMPLATE,EYE,LEFT,EYELID,eye.closed.left,,META_LONG,
QUEST_PRO,LID_TIGHTENER_R,TEMPLATE,EYE,RIGHT,EYELID,eye.squint.right,,META_LONG,
QUEST_PRO,LID_TIGHTENER_L,TEMPLATE,EYE,LEFT,EYELID,eye.squint.left,,META_LONG,
QUEST_PRO,UPPER_LID_RAISER_R,TEMPLATE,EYE,RIGHT,EYELID,eye.wide.right,,META_LONG,
QUEST_PRO,UPPER_LID_RAISER_L,TEMPLATE,EYE,LEFT,EYELID,eye.wide.left,,META_LONG,
QUEST_PRO,BROW_LOWERER_R,TEMPLATE,OTHER,NONE,OTHER,,,META_LONG,
QUEST_PRO,BROW_LOWERER_L,TEMPLATE,OTHER,NONE,OTHER,,,META_LONG,
QUEST_PRO,INNER_BROW_RAISER_R,TEMPLATE,OTHER,NONE,OTHER,,,META_LONG,
QUEST_PRO,INNER_BROW_RAISER_L,TEMPLATE,OTHER,NONE,OTHER,,,META_LONG,
QUEST_PRO,OUTER_BROW_RAISER_R,TEMPLATE,OTHER,NONE,OTHER,,,META_LONG,
QUEST_PRO,OUTER_BROW_RAISER_L,TEMPLATE,OTHER,NONE,OTHER,,,META_LONG,
QUEST_PRO,NOSE_WRINKLER_R,TEMPLATE,OTHER,NONE,OTHER,,,META_LONG,
QUEST_PRO,NOSE_WRINKLER_L,TEMPLATE,OTHER,NONE,OTHER,,,META_LONG,
QUEST_PRO,CHEEK_RAISER_R,TEMPLATE,EYE,RIGHT,EYE_ORBIT,,,META_LONG,
QUEST_PRO,CHEEK_RAISER_L,TEMPLATE,EYE,LEFT,EYE_ORBIT,,,META_LONG,
QUEST_PRO,CHEEK_PUFF_R,TEMPLATE,OTHER,NONE,OTHER,,,META_LONG,
QUEST_PRO,CHEEK_PUFF_L,TEMPLATE,OTHER,NONE,OTHER,,,META_LONG,
QUEST_PRO,CHEEK_SUCK_R,TEMPLATE,OTHER,NONE,OTHER,,,META_LONG,
QUEST_PRO,CHEEK_SUCK_L,TEMPLATE,OTHER,NONE,OTHER,,,META_LONG,
QUEST_PRO,JAW_DROP,TEMPLATE,MOUTH,NONE,MOUTH,,,META_LONG,
QUEST_PRO,LIPS_TOWARD,TEMPLATE,MOUTH,NONE,MOUTH,,,META_LONG,
QUEST_PRO,JAW_SIDEWAYS_RIGHT,TEMPLATE,MOUTH,NONE,MOUTH,,,META_LONG,
QUEST_PRO,JAW_SIDEWAYS_LEFT,TEMPLATE,MOUTH,NONE,MOUTH,,,META_LONG,
QUEST_PRO,JAW_THRUST,TEMPLATE,MOUTH,NONE,MOUTH,,,META_LONG,
QUEST_PRO,LIP_SUCK_RT,TEMPLATE,MOUTH,NONE,MOUTH,,,META_LONG,
QUEST_PRO,LIP_SUCK_LT,TEMPLATE,MOUTH,NONE,MOUTH,,,META_LONG,
QUEST_PRO,LIP_SUCK_RB,TEMPLATE,MOUTH,NONE,MOUTH,,,META_LONG,
QUEST_PRO,LIP_SUCK_LB,TEMPLATE,MOUTH,NONE,MOUTH,,,META_LONG,
QUEST_PRO,LIP_FUNNELER_RT,TEMPLATE,MOUTH,NONE,MOUTH,,,META_LONG,
QUEST_PRO,LIP_FUNNELER_LT,TEMPLATE,MOUTH,NONE,MOUTH,,,META_LONG,
QUEST_PRO,LIP_FUNNELER_RB,TEMPLATE,MOUTH,NONE,MOUTH,,,META_LONG,
QUEST_PRO,LIP_FUNNELER_LB,TEMPLATE,MOUTH,NONE,MOUTH,,,META_LONG,
QUEST_PRO,LIP_PUCKER_R,TEMPLATE,MOUTH,NONE,MOUTH,,,META_LONG,
QUEST_PRO,LIP_PUCKER_L,TEMPLATE,MOUTH,NONE,MOUTH,,,META_LONG,
QUEST_PRO,UPPER_LIP_RAISER_R,TEMPLATE,MOUTH,NONE,MOUTH,,,META_LONG,
QUEST_PRO,UPPER_LIP_RAISER_L,TEMPLATE,MOUTH,NONE,MOUTH,,,META_LONG,
QUEST_PRO,LOWER_LIP_DEPRESSOR_R,TEMPLATE,MOUTH,NONE,MOUTH,,,META_LONG,
QUEST_PRO,LOWER_LIP_DEPRESSOR_L,TEMPLATE,MOUTH,NONE,MOUTH,,,META_LONG,
QUEST_PRO,LIP_CORNER_PULLER_R,TEMPLATE,MOUTH,NONE,MOUTH,,,META_LONG,
QUEST_PRO,LIP_CORNER_PULLER_L,TEMPLATE,MOUTH,NONE,MOUTH,,,META_LONG,
QUEST_PRO,LIP_CORNER_DEPRESSOR_R,TEMPLATE,MOUTH,NONE,MOUTH,,,META_LONG,
QUEST_PRO,LIP_CORNER_DEPRESSOR_L,TEMPLATE,MOUTH,NONE,MOUTH,,,META_LONG,
QUEST_PRO,LIP_STRETCHER_R,TEMPLATE,MOUTH,NONE,MOUTH,,,META_LONG,
QUEST_PRO,LIP_STRETCHER_L,TEMPLATE,MOUTH,NONE,MOUTH,,,META_LONG,
QUEST_PRO,DIMPLER_R,TEMPLATE,MOUTH,NONE,MOUTH,,,META_LONG,
QUEST_PRO,DIMPLER_L,TEMPLATE,MOUTH,NONE,MOUTH,,,META_LONG,
QUEST_PRO,CHIN_RAISER_T,TEMPLATE,MOUTH,NONE,MOUTH,,,META_LONG,
QUEST_PRO,CHIN_RAISER_B,TEMPLATE,MOUTH,NONE,MOUTH,,,META_LONG,
QUEST_PRO,LIP_PRESSOR_R,TEMPLATE,MOUTH,NONE,MOUTH,,,META_LONG,
QUEST_PRO,LIP_PRESSOR_L,TEMPLATE,MOUTH,NONE,MOUTH,,,META_LONG,
QUEST_PRO,LIP_TIGHTENER_R,TEMPLATE,MOUTH,NONE,MOUTH,,,META_LONG,
QUEST_PRO,LIP_TIGHTENER_L,TEMPLATE,MOUTH,NONE,MOUTH,,,META_LONG,
QUEST_PRO,MOUTH_RIGHT,TEMPLATE,MOUTH,NONE,MOUTH,,,META_LONG,
QUEST_PRO,MOUTH_LEFT,TEMPLATE,MOUTH,NONE,MOUTH,,,META_LONG,
QUEST_PRO,TONGUE_TIP_INTERDENTAL,TEMPLATE,MOUTH,NONE,MOUTH,,,META_LONG,
QUEST_PRO,TONGUE_TIP_ALVEOLAR,TEMPLATE,MOUTH,NONE,MOUTH,,,META_LONG,
QUEST_PRO,TONGUE_FRONT_DORSAL_PALATE,TEMPLATE,MOUTH,NONE,MOUTH,,,META_LONG,
QUEST_PRO,TONGUE_MID_DORSAL_PALATE,TEMPLATE,MOUTH,NONE,MOUTH,,,META_LONG,
QUEST_PRO,TONGUE_BACK_DORSAL_VELAR,TEMPLATE,MOUTH,NONE,MOUTH,,,META_LONG,
QUEST_PRO,TONGUE_OUT,TEMPLATE,MOUTH,NONE,MOUTH,,,META_LONG,
QUEST_PRO,TONGUE_RETREAT,TEMPLATE,MOUTH,NONE,MOUTH,,,META_LONG,
META_VISEME,SIL,TEMPLATE,MOUTH,NONE,VISEME,viseme.sil,META_VISEME,,
META_VISEME,PP,TEMPLATE,MOUTH,NONE,VISEME,viseme.pp,META_VISEME,,
META_VISEME,FF,TEMPLATE,MOUTH,NONE,VISEME,viseme.ff,META_VISEME,,
META_VISEME,TH,TEMPLATE,MOUTH,NONE,VISEME,viseme.th,META_VISEME,,
META_VISEME,DD,TEMPLATE,MOUTH,NONE,VISEME,viseme.dd,META_VISEME,,
META_VISEME,KK,TEMPLATE,MOUTH,NONE,VISEME,viseme.kk,META_VISEME,,
META_VISEME,CH,TEMPLATE,MOUTH,NONE,VISEME,viseme.ch,META_VISEME,,
META_VISEME,SS,TEMPLATE,MOUTH,NONE,VISEME,viseme.ss,META_VISEME,,
META_VISEME,NN,TEMPLATE,MOUTH,NONE,VISEME,viseme.nn,META_VISEME,,
META_VISEME,RR,TEMPLATE,MOUTH,NONE,VISEME,viseme.rr,META_VISEME,,
META_VISEME,AA,TEMPLATE,MOUTH,NONE,VISEME,viseme.aa,META_VISEME,,
META_VISEME,E,TEMPLATE,MOUTH,NONE,VISEME,viseme.e,META_VISEME,,
META_VISEME,IH,TEMPLATE,MOUTH,NONE,VISEME,viseme.ih,META_VISEME,,
META_VISEME,OH,TEMPLATE,MOUTH,NONE,VISEME,viseme.oh,META_VISEME,,
META_VISEME,OU,TEMPLATE,MOUTH,NONE,VISEME,viseme.ou,META_VISEME,,
PICO,EyeLookDown_L,TEMPLATE,EYE,LEFT,EYE_GAZE,eye.look_down.left,,PICO_LONG,
PICO,EyeLookDown_R,TEMPLATE,EYE,RIGHT,EYE_GAZE,eye.look_down.right,,PICO_LONG,
PICO,EyeLookIn_L,TEMPLATE,EYE,LEFT,EYE_GAZE,eye.look_in.left,,PICO_LONG,
PICO,EyeLookIn_R,TEMPLATE,EYE,RIGHT,EYE_GAZE,eye.look_in.right,,PICO_LONG,
PICO,EyeLookOut_L,TEMPLATE,EYE,LEFT,EYE_GAZE,eye.look_out.left,,PICO_LONG,
PICO,EyeLookOut_R,TEMPLATE,EYE,RIGHT,EYE_GAZE,eye.look_out.right,,PICO_LONG,
PICO,EyeLookUp_L,TEMPLATE,EYE,LEFT,EYE_GAZE,eye.look_up.left,,PICO_LONG,
PICO,EyeLookUp_R,TEMPLATE,EYE,RIGHT,EYE_GAZE,eye.look_up.right,,PICO_LONG,
PICO,EyeBlink_L,TEMPLATE,EYE,LEFT,EYELID,eye.closed.left,,PICO_LONG,
PICO,EyeBlink_R,TEMPLATE,EYE,RIGHT,EYELID,eye.closed.right,,PICO_LONG,
PICO,EyeSquint_L,TEMPLATE,EYE,LEFT,EYELID,eye.squint.left,,PICO_LONG,
PICO,EyeSquint_R,TEMPLATE,EYE,RIGHT,EYELID,eye.squint.right,,PICO_LONG,
PICO,EyeWide_L,TEMPLATE,EYE,LEFT,EYELID,eye.wide.left,,PICO_LONG,
PICO,EyeWide_R,TEMPLATE,EYE,RIGHT,EYELID,eye.wide.right,,PICO_LONG,
PICO,JawForward,TEMPLATE,MOUTH,NONE,MOUTH,,,PICO_LONG,
PICO,JawLeft,TEMPLATE,MOUTH,NONE,MOUTH,,,PICO_LONG,
PICO,JawOpen,TEMPLATE,MOUTH,NONE,MOUTH,,,PICO_LONG,
PICO,JawRight,TEMPLATE,MOUTH,NONE,MOUTH,,,PICO_LONG,
PICO,MouthClose,TEMPLATE,MOUTH,NONE,MOUTH,,,PICO_LONG,
PICO,MouthFunnel,TEMPLATE,MOUTH,NONE,MOUTH,,,PICO_LONG,
PICO,MouthLeft,TEMPLATE,MOUTH,NONE,MOUTH,,,PICO_LONG,
PICO,MouthPucker,TEMPLATE,MOUTH,NONE,MOUTH,,,PICO_LONG,
PICO,MouthRight,TEMPLATE,MOUTH,NONE,MOUTH,,,PICO_LONG,
PICO,MouthRollLower,TEMPLATE,MOUTH,NONE,MOUTH,,,PICO_LONG,
PICO,MouthRollUpper,TEMPLATE,MOUTH,NONE,MOUTH,,,PICO_LONG,
PICO,MouthShrugLower,TEMPLATE,MOUTH,NONE,MOUTH,,,PICO_LONG,
PICO,MouthShrugUpper,TEMPLATE,MOUTH,NONE,MOUTH,,,PICO_LONG,
PICO,TongueOut,TEMPLATE,MOUTH,NONE,MOUTH,,,PICO_LONG,
PICO,MouthDimple_L,TEMPLATE,MOUTH,NONE,MOUTH,,,PICO_LONG,
PICO,MouthDimple_R,TEMPLATE,MOUTH,NONE,MOUTH,,,PICO_LONG,
PICO,MouthFrown_L,TEMPLATE,MOUTH,NONE,MOUTH,,,PICO_LONG,
PICO,MouthFrown_R,TEMPLATE,MOUTH,NONE,MOUTH,,,PICO_LONG,
PICO,MouthLowerDown_L,TEMPLATE,MOUTH,NONE,MOUTH,,,PICO_LONG,
PICO,MouthLowerDown_R,TEMPLATE,MOUTH,NONE,MOUTH,,,PICO_LONG,
PICO,MouthPress_L,TEMPLATE,MOUTH,NONE,MOUTH,,,PICO_LONG,
PICO,MouthPress_R,TEMPLATE,MOUTH,NONE,MOUTH,,,PICO_LONG,
PICO,MouthSmile_L,TEMPLATE,MOUTH,NONE,MOUTH,,,PICO_LONG,
PICO,MouthSmile_R,TEMPLATE,MOUTH,NONE,MOUTH,,,PICO_LONG,
PICO,MouthStretch_L,TEMPLATE,MOUTH,NONE,MOUTH,,,PICO_LONG,
PICO,MouthStretch_R,TEMPLATE,MOUTH,NONE,MOUTH,,,PICO_LONG,
PICO,MouthUpperUp_L,TEMPLATE,MOUTH,NONE,MOUTH,,,PICO_LONG,
PICO,MouthUpperUp_R,TEMPLATE,MOUTH,NONE,MOUTH,,,PICO_LONG,
PICO,BrowInnerUp,TEMPLATE,OTHER,NONE,OTHER,,,PICO_LONG,
PICO,CheekPuff,TEMPLATE,OTHER,NONE,OTHER,,,PICO_LONG,
PICO,BrowDown_L,TEMPLATE,OTHER,NONE,OTHER,,,PICO_LONG,
PICO,BrowDown_R,TEMPLATE,OTHER,NONE,OTHER,,,PICO_LONG,
PICO,BrowOuterUp_L,TEMPLATE,OTHER,NONE,OTHER,,,PICO_LONG,
PICO,BrowOuterUp_R,TEMPLATE,OTHER,NONE,OTHER,,,PICO_LONG,
PICO,CheekSquint_L,TEMPLATE,EYE,LEFT,EYE_ORBIT,,,PICO_LONG,
PICO,CheekSquint_R,TEMPLATE,EYE,RIGHT,EYE_ORBIT,,,PICO_LONG,
PICO,NoseSneer_L,TEMPLATE,OTHER,NONE,OTHER,,,PICO_LONG,
PICO,NoseSneer_R,TEMPLATE,OTHER,NONE,OTHER,,,PICO_LONG,
PICO,PP,TEMPLATE,MOUTH,NONE,VISEME,viseme.pp,PICO_VISEME,,
PICO,CH,TEMPLATE,MOUTH,NONE,VISEME,viseme.ch,PICO_VISEME,,
PICO,o,TEMPLATE,MOUTH,NONE,VISEME,pico.viseme.o,PICO_VISEME,,PICO 枚举：XR_VISEME_O_PICO
PICO,O,TEMPLATE,MOUTH,NONE,VISEME,pico.viseme.ou,PICO_VISEME,,PICO 枚举：XR_VISEME_OU_PICO
PICO,I,TEMPLATE,MOUTH,NONE,VISEME,pico.viseme.i_back,PICO_VISEME,,PICO 枚举：XR_VISEME_I_BACK_PICO
PICO,u,TEMPLATE,MOUTH,NONE,VISEME,pico.viseme.u,PICO_VISEME,,PICO 枚举：XR_VISEME_U_PICO
PICO,RR,TEMPLATE,MOUTH,NONE,VISEME,viseme.rr,PICO_VISEME,,
PICO,XX,TEMPLATE,MOUTH,NONE,VISEME,viseme.xx,PICO_VISEME,,
PICO,aa,TEMPLATE,MOUTH,NONE,VISEME,viseme.aa,PICO_VISEME,,
PICO,i,TEMPLATE,MOUTH,NONE,VISEME,pico.viseme.i_front,PICO_VISEME,,PICO 枚举：XR_VISEME_I_FRONT_PICO
PICO,FF,TEMPLATE,MOUTH,NONE,VISEME,viseme.ff,PICO_VISEME,,
PICO,U,TEMPLATE,MOUTH,NONE,VISEME,pico.viseme.uw,PICO_VISEME,,PICO 枚举：XR_VISEME_UW_PICO
PICO,TH,TEMPLATE,MOUTH,NONE,VISEME,viseme.th,PICO_VISEME,,
PICO,kk,TEMPLATE,MOUTH,NONE,VISEME,viseme.kk,PICO_VISEME,,
PICO,SS,TEMPLATE,MOUTH,NONE,VISEME,viseme.ss,PICO_VISEME,,
PICO,e,TEMPLATE,MOUTH,NONE,VISEME,pico.viseme.e,PICO_VISEME,,PICO 枚举：XR_VISEME_E_PICO
PICO,DD,TEMPLATE,MOUTH,NONE,VISEME,viseme.dd,PICO_VISEME,,
PICO,E,TEMPLATE,MOUTH,NONE,VISEME,pico.viseme.ei,PICO_VISEME,,PICO 枚举：XR_VISEME_EI_PICO
PICO,nn,TEMPLATE,MOUTH,NONE,VISEME,viseme.nn,PICO_VISEME,,
PICO,sil,TEMPLATE,MOUTH,NONE,VISEME,viseme.sil,PICO_VISEME,,
OCULUS_VISEME,viseme_sil,TEMPLATE,MOUTH,NONE,VISEME,viseme.sil,,,
OCULUS_VISEME,viseme_PP,TEMPLATE,MOUTH,NONE,VISEME,viseme.pp,,,
OCULUS_VISEME,viseme_FF,TEMPLATE,MOUTH,NONE,VISEME,viseme.ff,,,
OCULUS_VISEME,viseme_TH,TEMPLATE,MOUTH,NONE,VISEME,viseme.th,,,
OCULUS_VISEME,viseme_DD,TEMPLATE,MOUTH,NONE,VISEME,viseme.dd,,,
OCULUS_VISEME,viseme_kk,TEMPLATE,MOUTH,NONE,VISEME,viseme.kk,,,
OCULUS_VISEME,viseme_CH,TEMPLATE,MOUTH,NONE,VISEME,viseme.ch,,,
OCULUS_VISEME,viseme_SS,TEMPLATE,MOUTH,NONE,VISEME,viseme.ss,,,
OCULUS_VISEME,viseme_nn,TEMPLATE,MOUTH,NONE,VISEME,viseme.nn,,,
OCULUS_VISEME,viseme_RR,TEMPLATE,MOUTH,NONE,VISEME,viseme.rr,,,
OCULUS_VISEME,viseme_aa,TEMPLATE,MOUTH,NONE,VISEME,viseme.aa,,,
OCULUS_VISEME,viseme_E,TEMPLATE,MOUTH,NONE,VISEME,viseme.e,,,
OCULUS_VISEME,viseme_I,TEMPLATE,MOUTH,NONE,VISEME,viseme.i,,,
OCULUS_VISEME,viseme_O,TEMPLATE,MOUTH,NONE,VISEME,viseme.o,,,
OCULUS_VISEME,viseme_U,TEMPLATE,MOUTH,NONE,VISEME,viseme.u,,,
VIVE_SRANIPAL,Eye_Left_Blink,TEMPLATE,EYE,LEFT,EYELID,eye.closed.left,,,
VIVE_SRANIPAL,Eye_Left_Wide,TEMPLATE,EYE,LEFT,EYELID,eye.wide.left,,,
VIVE_SRANIPAL,Eye_Left_Right,TEMPLATE,EYE,LEFT,EYE_GAZE,eye.look_right.left,,,
VIVE_SRANIPAL,Eye_Left_Left,TEMPLATE,EYE,LEFT,EYE_GAZE,eye.look_left.left,,,
VIVE_SRANIPAL,Eye_Left_Up,TEMPLATE,EYE,LEFT,EYE_GAZE,eye.look_up.left,,,
VIVE_SRANIPAL,Eye_Left_Down,TEMPLATE,EYE,LEFT,EYE_GAZE,eye.look_down.left,,,
VIVE_SRANIPAL,Eye_Left_Squeeze,TEMPLATE,EYE,LEFT,EYELID,eye.squint.left,,,
VIVE_SRANIPAL,Eye_Right_Blink,TEMPLATE,EYE,RIGHT,EYELID,eye.closed.right,,,
VIVE_SRANIPAL,Eye_Right_Wide,TEMPLATE,EYE,RIGHT,EYELID,eye.wide.right,,,
VIVE_SRANIPAL,Eye_Right_Right,TEMPLATE,EYE,RIGHT,EYE_GAZE,eye.look_right.right,,,
VIVE_SRANIPAL,Eye_Right_Left,TEMPLATE,EYE,RIGHT,EYE_GAZE,eye.look_left.right,,,
VIVE_SRANIPAL,Eye_Right_Up,TEMPLATE,EYE,RIGHT,EYE_GAZE,eye.look_up.right,,,
VIVE_SRANIPAL,Eye_Right_Down,TEMPLATE,EYE,RIGHT,EYE_GAZE,eye.look_down.right,,,
VIVE_SRANIPAL,Eye_Right_Squeeze,TEMPLATE,EYE,RIGHT,EYELID,eye.squint.right,,,
VIVE_SRANIPAL,Eye_Frown,TEMPLATE,EYE,BOTH,EYE_ORBIT,,,,
VIVE_SRANIPAL,Jaw_Right,TEMPLATE,MOUTH,NONE,MOUTH,,,,
VIVE_SRANIPAL,Jaw_Left,TEMPLATE,MOUTH,NONE,MOUTH,,,,
VIVE_SRANIPAL,Jaw_Forward,TEMPLATE,MOUTH,NONE,MOUTH,,,,
VIVE_SRANIPAL,Jaw_Open,TEMPLATE,MOUTH,NONE,MOUTH,,,,
VIVE_SRANIPAL,Mouth_Ape_Shape,TEMPLATE,MOUTH,NONE,MOUTH,,,,
VIVE_SRANIPAL,Mouth_Upper_Right,TEMPLATE,MOUTH,NONE,MOUTH,,,,
VIVE_SRANIPAL,Mouth_Upper_Left,TEMPLATE,MOUTH,NONE,MOUTH,,,,
VIVE_SRANIPAL,Mouth_Lower_Right,TEMPLATE,MOUTH,NONE,MOUTH,,,,
VIVE_SRANIPAL,Mouth_Lower_Left,TEMPLATE,MOUTH,NONE,MOUTH,,,,
VIVE_SRANIPAL,Mouth_Upper_Overturn,TEMPLATE,MOUTH,NONE,MOUTH,,,,
VIVE_SRANIPAL,Mouth_Lower_Overturn,TEMPLATE,MOUTH,NONE,MOUTH,,,,
VIVE_SRANIPAL,Mouth_Pout,TEMPLATE,MOUTH,NONE,MOUTH,,,,
VIVE_SRANIPAL,Mouth_Smile_Right,TEMPLATE,MOUTH,NONE,MOUTH,,,,
VIVE_SRANIPAL,Mouth_Smile_Left,TEMPLATE,MOUTH,NONE,MOUTH,,,,
VIVE_SRANIPAL,Mouth_Sad_Right,TEMPLATE,MOUTH,NONE,MOUTH,,,,
VIVE_SRANIPAL,Mouth_Sad_Left,TEMPLATE,MOUTH,NONE,MOUTH,,,,
VIVE_SRANIPAL,Cheek_Puff_Right,TEMPLATE,OTHER,NONE,OTHER,,,,
VIVE_SRANIPAL,Cheek_Puff_Left,TEMPLATE,OTHER,NONE,OTHER,,,,
VIVE_SRANIPAL,Cheek_Suck,TEMPLATE,OTHER,NONE,OTHER,,,,
VIVE_SRANIPAL,Mouth_Upper_UpRight,TEMPLATE,MOUTH,NONE,MOUTH,,,,
VIVE_SRANIPAL,Mouth_Upper_UpLeft,TEMPLATE,MOUTH,NONE,MOUTH,,,,
VIVE_SRANIPAL,Mouth_Lower_DownRight,TEMPLATE,MOUTH,NONE,MOUTH,,,,
VIVE_SRANIPAL,Mouth_Lower_DownLeft,TEMPLATE,MOUTH,NONE,MOUTH,,,,
VIVE_SRANIPAL,Mouth_Upper_Inside,TEMPLATE,MOUTH,NONE,MOUTH,,,,
VIVE_SRANIPAL,Mouth_Lower_Inside,TEMPLATE,MOUTH,NONE,MOUTH,,,,
VIVE_SRANIPAL,Mouth_Lower_Overlay,TEMPLATE,MOUTH,NONE,MOUTH,,,,
VIVE_SRANIPAL,Tongue_LongStep1,TEMPLATE,MOUTH,NONE,MOUTH,,,,
VIVE_SRANIPAL,Tongue_LongStep2,TEMPLATE,MOUTH,NONE,MOUTH,,,,
VIVE_SRANIPAL,Tongue_Down,TEMPLATE,MOUTH,NONE,MOUTH,,,,
VIVE_SRANIPAL,Tongue_Up,TEMPLATE,MOUTH,NONE,MOUTH,,,,
VIVE_SRANIPAL,Tongue_Right,TEMPLATE,MOUTH,NONE,MOUTH,,,,
VIVE_SRANIPAL,Tongue_Left,TEMPLATE,MOUTH,NONE,MOUTH,,,,
VIVE_SRANIPAL,Tongue_Roll,TEMPLATE,MOUTH,NONE,MOUTH,,,,
VIVE_SRANIPAL,Tongue_UpLeft_Morph,TEMPLATE,MOUTH,NONE,MOUTH,,,,
VIVE_SRANIPAL,Tongue_UpRight_Morph,TEMPLATE,MOUTH,NONE,MOUTH,,,,
VIVE_SRANIPAL,Tongue_DownLeft_Morph,TEMPLATE,MOUTH,NONE,MOUTH,,,,
VIVE_SRANIPAL,Tongue_DownRight_Morph,TEMPLATE,MOUTH,NONE,MOUTH,,,,
VIVE_OPENXR,XR_EYE_EXPRESSION_LEFT_BLINK_HTC,TEMPLATE,EYE,LEFT,EYELID,eye.closed.left,,,
VIVE_OPENXR,XR_EYE_EXPRESSION_LEFT_DOWN_HTC,TEMPLATE,EYE,LEFT,EYE_GAZE,eye.look_down.left,,,
VIVE_OPENXR,XR_EYE_EXPRESSION_LEFT_IN_HTC,TEMPLATE,EYE,LEFT,EYE_GAZE,eye.look_in.left,,,
VIVE_OPENXR,XR_EYE_EXPRESSION_LEFT_OUT_HTC,TEMPLATE,EYE,LEFT,EYE_GAZE,eye.look_out.left,,,
VIVE_OPENXR,XR_EYE_EXPRESSION_LEFT_SQUEEZE_HTC,TEMPLATE,EYE,LEFT,EYELID,eye.squint.left,,,
VIVE_OPENXR,XR_EYE_EXPRESSION_LEFT_UP_HTC,TEMPLATE,EYE,LEFT,EYE_GAZE,eye.look_up.left,,,
VIVE_OPENXR,XR_EYE_EXPRESSION_LEFT_WIDE_HTC,TEMPLATE,EYE,LEFT,EYELID,eye.wide.left,,,
VIVE_OPENXR,XR_EYE_EXPRESSION_RIGHT_BLINK_HTC,TEMPLATE,EYE,RIGHT,EYELID,eye.closed.right,,,
VIVE_OPENXR,XR_EYE_EXPRESSION_RIGHT_DOWN_HTC,TEMPLATE,EYE,RIGHT,EYE_GAZE,eye.look_down.right,,,
VIVE_OPENXR,XR_EYE_EXPRESSION_RIGHT_IN_HTC,TEMPLATE,EYE,RIGHT,EYE_GAZE,eye.look_in.right,,,
VIVE_OPENXR,XR_EYE_EXPRESSION_RIGHT_OUT_HTC,TEMPLATE,EYE,RIGHT,EYE_GAZE,eye.look_out.right,,,
VIVE_OPENXR,XR_EYE_EXPRESSION_RIGHT_SQUEEZE_HTC,TEMPLATE,EYE,RIGHT,EYELID,eye.squint.right,,,
VIVE_OPENXR,XR_EYE_EXPRESSION_RIGHT_UP_HTC,TEMPLATE,EYE,RIGHT,EYE_GAZE,eye.look_up.right,,,
VIVE_OPENXR,XR_EYE_EXPRESSION_RIGHT_WIDE_HTC,TEMPLATE,EYE,RIGHT,EYELID,eye.wide.right,,,
VIVE_OPENXR,XR_LIP_EXPRESSION_CHEEK_PUFF_LEFT_HTC,TEMPLATE,OTHER,NONE,OTHER,,,,
VIVE_OPENXR,XR_LIP_EXPRESSION_CHEEK_PUFF_RIGHT_HTC,TEMPLATE,OTHER,NONE,OTHER,,,,
VIVE_OPENXR,XR_LIP_EXPRESSION_CHEEK_SUCK_HTC,TEMPLATE,OTHER,NONE,OTHER,,,,
VIVE_OPENXR,XR_LIP_EXPRESSION_JAW_FORWARD_HTC,TEMPLATE,MOUTH,NONE,MOUTH,,,,
VIVE_OPENXR,XR_LIP_EXPRESSION_JAW_LEFT_HTC,TEMPLATE,MOUTH,NONE,MOUTH,,,,
VIVE_OPENXR,XR_LIP_EXPRESSION_JAW_OPEN_HTC,TEMPLATE,MOUTH,NONE,MOUTH,,,,
VIVE_OPENXR,XR_LIP_EXPRESSION_JAW_RIGHT_HTC,TEMPLATE,MOUTH,NONE,MOUTH,,,,
VIVE_OPENXR,XR_LIP_EXPRESSION_MOUTH_APE_SHAPE_HTC,TEMPLATE,MOUTH,NONE,MOUTH,,,,
VIVE_OPENXR,XR_LIP_EXPRESSION_MOUTH_LOWER_DOWNLEFT_HTC,TEMPLATE,MOUTH,NONE,MOUTH,,,,
VIVE_OPENXR,XR_LIP_EXPRESSION_MOUTH_LOWER_DOWNRIGHT_HTC,TEMPLATE,MOUTH,NONE,MOUTH,,,,
VIVE_OPENXR,XR_LIP_EXPRESSION_MOUTH_LOWER_INSIDE_HTC,TEMPLATE,MOUTH,NONE,MOUTH,,,,
VIVE_OPENXR,XR_LIP_EXPRESSION_MOUTH_LOWER_LEFT_HTC,TEMPLATE,MOUTH,NONE,MOUTH,,,,
VIVE_OPENXR,XR_LIP_EXPRESSION_MOUTH_LOWER_OVERLAY_HTC,TEMPLATE,MOUTH,NONE,MOUTH,,,,
VIVE_OPENXR,XR_LIP_EXPRESSION_MOUTH_LOWER_OVERTURN_HTC,TEMPLATE,MOUTH,NONE,MOUTH,,,,
VIVE_OPENXR,XR_LIP_EXPRESSION_MOUTH_LOWER_RIGHT_HTC,TEMPLATE,MOUTH,NONE,MOUTH,,,,
VIVE_OPENXR,XR_LIP_EXPRESSION_MOUTH_POUT_HTC,TEMPLATE,MOUTH,NONE,MOUTH,,,,
VIVE_OPENXR,XR_LIP_EXPRESSION_MOUTH_RAISER_LEFT_HTC,TEMPLATE,MOUTH,NONE,MOUTH,,,,
VIVE_OPENXR,XR_LIP_EXPRESSION_MOUTH_RAISER_RIGHT_HTC,TEMPLATE,MOUTH,NONE,MOUTH,,,,
VIVE_OPENXR,XR_LIP_EXPRESSION_MOUTH_STRETCHER_LEFT_HTC,TEMPLATE,MOUTH,NONE,MOUTH,,,,
VIVE_OPENXR,XR_LIP_EXPRESSION_MOUTH_STRETCHER_RIGHT_HTC,TEMPLATE,MOUTH,NONE,MOUTH,,,,
VIVE_OPENXR,XR_LIP_EXPRESSION_MOUTH_UPPER_INSIDE_HTC,TEMPLATE,MOUTH,NONE,MOUTH,,,,
VIVE_OPENXR,XR_LIP_EXPRESSION_MOUTH_UPPER_LEFT_HTC,TEMPLATE,MOUTH,NONE,MOUTH,,,,
VIVE_OPENXR,XR_LIP_EXPRESSION_MOUTH_UPPER_OVERTURN_HTC,TEMPLATE,MOUTH,NONE,MOUTH,,,,
VIVE_OPENXR,XR_LIP_EXPRESSION_MOUTH_UPPER_RIGHT_HTC,TEMPLATE,MOUTH,NONE,MOUTH,,,,
VIVE_OPENXR,XR_LIP_EXPRESSION_MOUTH_UPPER_UPLEFT_HTC,TEMPLATE,MOUTH,NONE,MOUTH,,,,
VIVE_OPENXR,XR_LIP_EXPRESSION_MOUTH_UPPER_UPRIGHT_HTC,TEMPLATE,MOUTH,NONE,MOUTH,,,,
VIVE_OPENXR,XR_LIP_EXPRESSION_TONGUE_DOWNLEFT_MORPH_HTC,TEMPLATE,MOUTH,NONE,MOUTH,,,,
VIVE_OPENXR,XR_LIP_EXPRESSION_TONGUE_DOWNRIGHT_MORPH_HTC,TEMPLATE,MOUTH,NONE,MOUTH,,,,
VIVE_OPENXR,XR_LIP_EXPRESSION_TONGUE_DOWN_HTC,TEMPLATE,MOUTH,NONE,MOUTH,,,,
VIVE_OPENXR,XR_LIP_EXPRESSION_TONGUE_LEFT_HTC,TEMPLATE,MOUTH,NONE,MOUTH,,,,
VIVE_OPENXR,XR_LIP_EXPRESSION_TONGUE_LONGSTEP1_HTC,TEMPLATE,MOUTH,NONE,MOUTH,,,,
VIVE_OPENXR,XR_LIP_EXPRESSION_TONGUE_LONGSTEP2_HTC,TEMPLATE,MOUTH,NONE,MOUTH,,,,
VIVE_OPENXR,XR_LIP_EXPRESSION_TONGUE_RIGHT_HTC,TEMPLATE,MOUTH,NONE,MOUTH,,,,
VIVE_OPENXR,XR_LIP_EXPRESSION_TONGUE_ROLL_HTC,TEMPLATE,MOUTH,NONE,MOUTH,,,,
VIVE_OPENXR,XR_LIP_EXPRESSION_TONGUE_UPLEFT_MORPH_HTC,TEMPLATE,MOUTH,NONE,MOUTH,,,,
VIVE_OPENXR,XR_LIP_EXPRESSION_TONGUE_UPRIGHT_MORPH_HTC,TEMPLATE,MOUTH,NONE,MOUTH,,,,
VIVE_OPENXR,XR_LIP_EXPRESSION_TONGUE_UP_HTC,TEMPLATE,MOUTH,NONE,MOUTH,,,,
UNIFIED_EXPRESSIONS_BASE,EyeLookOutRight,TEMPLATE,EYE,RIGHT,EYE_GAZE,eye.look_out.right,,,
UNIFIED_EXPRESSIONS_BASE,EyeLookInRight,TEMPLATE,EYE,RIGHT,EYE_GAZE,eye.look_in.right,,,
UNIFIED_EXPRESSIONS_BASE,EyeLookUpRight,TEMPLATE,EYE,RIGHT,EYE_GAZE,eye.look_up.right,,,
UNIFIED_EXPRESSIONS_BASE,EyeLookDownRight,TEMPLATE,EYE,RIGHT,EYE_GAZE,eye.look_down.right,,,
UNIFIED_EXPRESSIONS_BASE,EyeLookOutLeft,TEMPLATE,EYE,LEFT,EYE_GAZE,eye.look_out.left,,,
UNIFIED_EXPRESSIONS_BASE,EyeLookInLeft,TEMPLATE,EYE,LEFT,EYE_GAZE,eye.look_in.left,,,
UNIFIED_EXPRESSIONS_BASE,EyeLookUpLeft,TEMPLATE,EYE,LEFT,EYE_GAZE,eye.look_up.left,,,
UNIFIED_EXPRESSIONS_BASE,EyeLookDownLeft,TEMPLATE,EYE,LEFT,EYE_GAZE,eye.look_down.left,,,
UNIFIED_EXPRESSIONS_BASE,EyeClosedRight,TEMPLATE,EYE,RIGHT,EYELID,eye.closed.right,,,
UNIFIED_EXPRESSIONS_BASE,EyeClosedLeft,TEMPLATE,EYE,LEFT,EYELID,eye.closed.left,,,
UNIFIED_EXPRESSIONS_BASE,EyeSquintRight,TEMPLATE,EYE,RIGHT,EYELID,eye.squint.right,,,
UNIFIED_EXPRESSIONS_BASE,EyeSquintLeft,TEMPLATE,EYE,LEFT,EYELID,eye.squint.left,,,
UNIFIED_EXPRESSIONS_BASE,EyeWideRight,TEMPLATE,EYE,RIGHT,EYELID,eye.wide.right,,,
UNIFIED_EXPRESSIONS_BASE,EyeWideLeft,TEMPLATE,EYE,LEFT,EYELID,eye.wide.left,,,
UNIFIED_EXPRESSIONS_BASE,EyeDilationRight,TEMPLATE,OTHER,NONE,OTHER,,,,
UNIFIED_EXPRESSIONS_BASE,EyeDilationLeft,TEMPLATE,OTHER,NONE,OTHER,,,,
UNIFIED_EXPRESSIONS_BASE,EyeConstrictRight,TEMPLATE,OTHER,NONE,OTHER,,,,
UNIFIED_EXPRESSIONS_BASE,EyeConstrictLeft,TEMPLATE,OTHER,NONE,OTHER,,,,
UNIFIED_EXPRESSIONS_BASE,BrowPinchRight,TEMPLATE,OTHER,NONE,OTHER,,,,
UNIFIED_EXPRESSIONS_BASE,BrowPinchLeft,TEMPLATE,OTHER,NONE,OTHER,,,,
UNIFIED_EXPRESSIONS_BASE,BrowLowererRight,TEMPLATE,OTHER,NONE,OTHER,,,,
UNIFIED_EXPRESSIONS_BASE,BrowLowererLeft,TEMPLATE,OTHER,NONE,OTHER,,,,
UNIFIED_EXPRESSIONS_BASE,BrowInnerUpRight,TEMPLATE,OTHER,NONE,OTHER,,,,
UNIFIED_EXPRESSIONS_BASE,BrowInnerUpLeft,TEMPLATE,OTHER,NONE,OTHER,,,,
UNIFIED_EXPRESSIONS_BASE,BrowOuterUpRight,TEMPLATE,OTHER,NONE,OTHER,,,,
UNIFIED_EXPRESSIONS_BASE,BrowOuterUpLeft,TEMPLATE,OTHER,NONE,OTHER,,,,
UNIFIED_EXPRESSIONS_BASE,NoseSneerRight,TEMPLATE,OTHER,NONE,OTHER,,,,
UNIFIED_EXPRESSIONS_BASE,NoseSneerLeft,TEMPLATE,OTHER,NONE,OTHER,,,,
UNIFIED_EXPRESSIONS_BASE,NasalDilationRight,TEMPLATE,OTHER,NONE,OTHER,,,,
UNIFIED_EXPRESSIONS_BASE,NasalDilationLeft,TEMPLATE,OTHER,NONE,OTHER,,,,
UNIFIED_EXPRESSIONS_BASE,NasalConstrictRight,TEMPLATE,OTHER,NONE,OTHER,,,,
UNIFIED_EXPRESSIONS_BASE,NasalConstrictLeft,TEMPLATE,OTHER,NONE,OTHER,,,,
UNIFIED_EXPRESSIONS_BASE,CheekSquintRight,TEMPLATE,EYE,RIGHT,EYE_ORBIT,,,,
UNIFIED_EXPRESSIONS_BASE,CheekSquintLeft,TEMPLATE,EYE,LEFT,EYE_ORBIT,,,,
UNIFIED_EXPRESSIONS_BASE,CheekPuffRight,TEMPLATE,OTHER,NONE,OTHER,,,,
UNIFIED_EXPRESSIONS_BASE,CheekPuffLeft,TEMPLATE,OTHER,NONE,OTHER,,,,
UNIFIED_EXPRESSIONS_BASE,CheekSuckRight,TEMPLATE,OTHER,NONE,OTHER,,,,
UNIFIED_EXPRESSIONS_BASE,CheekSuckLeft,TEMPLATE,OTHER,NONE,OTHER,,,,
UNIFIED_EXPRESSIONS_BASE,JawOpen,TEMPLATE,MOUTH,NONE,MOUTH,,,,
UNIFIED_EXPRESSIONS_BASE,MouthClosed,TEMPLATE,MOUTH,NONE,MOUTH,,,,
UNIFIED_EXPRESSIONS_BASE,JawRight,TEMPLATE,MOUTH,NONE,MOUTH,,,,
UNIFIED_EXPRESSIONS_BASE,JawLeft,TEMPLATE,MOUTH,NONE,MOUTH,,,,
UNIFIED_EXPRESSIONS_BASE,JawForward,TEMPLATE,MOUTH,NONE,MOUTH,,,,
UNIFIED_EXPRESSIONS_BASE,JawBackward,TEMPLATE,MOUTH,NONE,MOUTH,,,,
UNIFIED_EXPRESSIONS_BASE,JawClench,TEMPLATE,MOUTH,NONE,MOUTH,,,,
UNIFIED_EXPRESSIONS_BASE,JawMandibleRaise,TEMPLATE,MOUTH,NONE,MOUTH,,,,
UNIFIED_EXPRESSIONS_BASE,LipSuckUpperRight,TEMPLATE,MOUTH,NONE,MOUTH,,,,
UNIFIED_EXPRESSIONS_BASE,LipSuckUpperLeft,TEMPLATE,MOUTH,NONE,MOUTH,,,,
UNIFIED_EXPRESSIONS_BASE,LipSuckLowerRight,TEMPLATE,MOUTH,NONE,MOUTH,,,,
UNIFIED_EXPRESSIONS_BASE,LipSuckLowerLeft,TEMPLATE,MOUTH,NONE,MOUTH,,,,
UNIFIED_EXPRESSIONS_BASE,LipSuckCornerRight,TEMPLATE,MOUTH,NONE,MOUTH,,,,
UNIFIED_EXPRESSIONS_BASE,LipSuckCornerLeft,TEMPLATE,MOUTH,NONE,MOUTH,,,,
UNIFIED_EXPRESSIONS_BASE,LipFunnelUpperRight,TEMPLATE,MOUTH,NONE,MOUTH,,,,
UNIFIED_EXPRESSIONS_BASE,LipFunnelUpperLeft,TEMPLATE,MOUTH,NONE,MOUTH,,,,
UNIFIED_EXPRESSIONS_BASE,LipFunnelLowerRight,TEMPLATE,MOUTH,NONE,MOUTH,,,,
UNIFIED_EXPRESSIONS_BASE,LipFunnelLowerLeft,TEMPLATE,MOUTH,NONE,MOUTH,,,,
UNIFIED_EXPRESSIONS_BASE,LipPuckerUpperRight,TEMPLATE,MOUTH,NONE,MOUTH,,,,
UNIFIED_EXPRESSIONS_BASE,LipPuckerUpperLeft,TEMPLATE,MOUTH,NONE,MOUTH,,,,
UNIFIED_EXPRESSIONS_BASE,LipPuckerLowerRight,TEMPLATE,MOUTH,NONE,MOUTH,,,,
UNIFIED_EXPRESSIONS_BASE,LipPuckerLowerLeft,TEMPLATE,MOUTH,NONE,MOUTH,,,,
UNIFIED_EXPRESSIONS_BASE,MouthUpperUpRight,TEMPLATE,MOUTH,NONE,MOUTH,,,,
UNIFIED_EXPRESSIONS_BASE,MouthUpperUpLeft,TEMPLATE,MOUTH,NONE,MOUTH,,,,
UNIFIED_EXPRESSIONS_BASE,MouthLowerDownRight,TEMPLATE,MOUTH,NONE,MOUTH,,,,
UNIFIED_EXPRESSIONS_BASE,MouthLowerDownLeft,TEMPLATE,MOUTH,NONE,MOUTH,,,,
UNIFIED_EXPRESSIONS_BASE,MouthUpperDeepenRight,TEMPLATE,MOUTH,NONE,MOUTH,,,,
UNIFIED_EXPRESSIONS_BASE,MouthUpperDeepenLeft,TEMPLATE,MOUTH,NONE,MOUTH,,,,
UNIFIED_EXPRESSIONS_BASE,MouthUpperRight,TEMPLATE,MOUTH,NONE,MOUTH,,,,
UNIFIED_EXPRESSIONS_BASE,MouthUpperLeft,TEMPLATE,MOUTH,NONE,MOUTH,,,,
UNIFIED_EXPRESSIONS_BASE,MouthLowerRight,TEMPLATE,MOUTH,NONE,MOUTH,,,,
UNIFIED_EXPRESSIONS_BASE,MouthLowerLeft,TEMPLATE,MOUTH,NONE,MOUTH,,,,
UNIFIED_EXPRESSIONS_BASE,MouthCornerPullRight,TEMPLATE,MOUTH,NONE,MOUTH,,,,
UNIFIED_EXPRESSIONS_BASE,MouthCornerPullLeft,TEMPLATE,MOUTH,NONE,MOUTH,,,,
UNIFIED_EXPRESSIONS_BASE,MouthCornerSlantRight,TEMPLATE,MOUTH,NONE,MOUTH,,,,
UNIFIED_EXPRESSIONS_BASE,MouthCornerSlantLeft,TEMPLATE,MOUTH,NONE,MOUTH,,,,
UNIFIED_EXPRESSIONS_BASE,MouthFrownRight,TEMPLATE,MOUTH,NONE,MOUTH,,,,
UNIFIED_EXPRESSIONS_BASE,MouthFrownLeft,TEMPLATE,MOUTH,NONE,MOUTH,,,,
UNIFIED_EXPRESSIONS_BASE,MouthStretchRight,TEMPLATE,MOUTH,NONE,MOUTH,,,,
UNIFIED_EXPRESSIONS_BASE,MouthStretchLeft,TEMPLATE,MOUTH,NONE,MOUTH,,,,
UNIFIED_EXPRESSIONS_BASE,MouthDimpleRight,TEMPLATE,MOUTH,NONE,MOUTH,,,,
UNIFIED_EXPRESSIONS_BASE,MouthDimpleLeft,TEMPLATE,MOUTH,NONE,MOUTH,,,,
UNIFIED_EXPRESSIONS_BASE,MouthRaiserUpper,TEMPLATE,MOUTH,NONE,MOUTH,,,,
UNIFIED_EXPRESSIONS_BASE,MouthRaiserLower,TEMPLATE,MOUTH,NONE,MOUTH,,,,
UNIFIED_EXPRESSIONS_BASE,MouthPressRight,TEMPLATE,MOUTH,NONE,MOUTH,,,,
UNIFIED_EXPRESSIONS_BASE,MouthPressLeft,TEMPLATE,MOUTH,NONE,MOUTH,,,,
UNIFIED_EXPRESSIONS_BASE,MouthTightenerRight,TEMPLATE,MOUTH,NONE,MOUTH,,,,
UNIFIED_EXPRESSIONS_BASE,MouthTightenerLeft,TEMPLATE,MOUTH,NONE,MOUTH,,,,
UNIFIED_EXPRESSIONS_BASE,TongueOut,TEMPLATE,MOUTH,NONE,MOUTH,,,,
UNIFIED_EXPRESSIONS_BASE,TongueUp,TEMPLATE,MOUTH,NONE,MOUTH,,,,
UNIFIED_EXPRESSIONS_BASE,TongueDown,TEMPLATE,MOUTH,NONE,MOUTH,,,,
UNIFIED_EXPRESSIONS_BASE,TongueRight,TEMPLATE,MOUTH,NONE,MOUTH,,,,
UNIFIED_EXPRESSIONS_BASE,TongueLeft,TEMPLATE,MOUTH,NONE,MOUTH,,,,
UNIFIED_EXPRESSIONS_BASE,TongueRoll,TEMPLATE,MOUTH,NONE,MOUTH,,,,
UNIFIED_EXPRESSIONS_BASE,TongueBendDown,TEMPLATE,MOUTH,NONE,MOUTH,,,,
UNIFIED_EXPRESSIONS_BASE,TongueCurlUp,TEMPLATE,MOUTH,NONE,MOUTH,,,,
UNIFIED_EXPRESSIONS_BASE,TongueSquish,TEMPLATE,MOUTH,NONE,MOUTH,,,,
UNIFIED_EXPRESSIONS_BASE,TongueFlat,TEMPLATE,MOUTH,NONE,MOUTH,,,,
UNIFIED_EXPRESSIONS_BASE,TongueTwistRight,TEMPLATE,MOUTH,NONE,MOUTH,,,,
UNIFIED_EXPRESSIONS_BASE,TongueTwistLeft,TEMPLATE,MOUTH,NONE,MOUTH,,,,
UNIFIED_EXPRESSIONS_BASE,SoftPalateClose,TEMPLATE,MOUTH,NONE,MOUTH,,,,
UNIFIED_EXPRESSIONS_BASE,ThroatSwallow,TEMPLATE,OTHER,NONE,OTHER,,,,
UNIFIED_EXPRESSIONS_BASE,NeckFlexRight,TEMPLATE,OTHER,NONE,OTHER,,,,
UNIFIED_EXPRESSIONS_BASE,NeckFlexLeft,TEMPLATE,OTHER,NONE,OTHER,,,,
UNIFIED_EXPRESSIONS_BLEND,EyeClosed,TEMPLATE,EYE,BOTH,EYELID,eye.closed.both,,,
UNIFIED_EXPRESSIONS_BLEND,EyeWide,TEMPLATE,EYE,BOTH,EYELID,eye.wide.both,,,
UNIFIED_EXPRESSIONS_BLEND,EyeSquint,TEMPLATE,EYE,BOTH,EYELID,eye.squint.both,,,
UNIFIED_EXPRESSIONS_BLEND,EyeDilation,TEMPLATE,OTHER,NONE,OTHER,,,,
UNIFIED_EXPRESSIONS_BLEND,EyeConstrict,TEMPLATE,OTHER,NONE,OTHER,,,,
UNIFIED_EXPRESSIONS_BLEND,BrowDownRight,TEMPLATE,OTHER,NONE,OTHER,,,,
UNIFIED_EXPRESSIONS_BLEND,BrowDownLeft,TEMPLATE,OTHER,NONE,OTHER,,,,
UNIFIED_EXPRESSIONS_BLEND,BrowDown,TEMPLATE,OTHER,NONE,OTHER,,,,
UNIFIED_EXPRESSIONS_BLEND,BrowInnerUp,TEMPLATE,OTHER,NONE,OTHER,,,,
UNIFIED_EXPRESSIONS_BLEND,BrowUpRight,TEMPLATE,OTHER,NONE,OTHER,,,,
UNIFIED_EXPRESSIONS_BLEND,BrowUpLeft,TEMPLATE,OTHER,NONE,OTHER,,,,
UNIFIED_EXPRESSIONS_BLEND,BrowUp,TEMPLATE,OTHER,NONE,OTHER,,,,
UNIFIED_EXPRESSIONS_BLEND,NoseSneer,TEMPLATE,OTHER,NONE,OTHER,,,,
UNIFIED_EXPRESSIONS_BLEND,NasalDilation,TEMPLATE,OTHER,NONE,OTHER,,,,
UNIFIED_EXPRESSIONS_BLEND,NasalConstrict,TEMPLATE,OTHER,NONE,OTHER,,,,
UNIFIED_EXPRESSIONS_BLEND,CheekPuff,TEMPLATE,OTHER,NONE,OTHER,,,,
UNIFIED_EXPRESSIONS_BLEND,CheekSuck,TEMPLATE,OTHER,NONE,OTHER,,,,
UNIFIED_EXPRESSIONS_BLEND,CheekSquint,TEMPLATE,EYE,BOTH,EYE_ORBIT,,,,
UNIFIED_EXPRESSIONS_BLEND,LipSuckUpper,TEMPLATE,MOUTH,NONE,MOUTH,,,,
UNIFIED_EXPRESSIONS_BLEND,LipSuckLower,TEMPLATE,MOUTH,NONE,MOUTH,,,,
UNIFIED_EXPRESSIONS_BLEND,LipSuck,TEMPLATE,MOUTH,NONE,MOUTH,,,,
UNIFIED_EXPRESSIONS_BLEND,LipFunnelUpper,TEMPLATE,MOUTH,NONE,MOUTH,,,,
UNIFIED_EXPRESSIONS_BLEND,LipFunnelLower,TEMPLATE,MOUTH,NONE,MOUTH,,,,
UNIFIED_EXPRESSIONS_BLEND,LipFunnel,TEMPLATE,MOUTH,NONE,MOUTH,,,,
UNIFIED_EXPRESSIONS_BLEND,LipPuckerUpper,TEMPLATE,MOUTH,NONE,MOUTH,,,,
UNIFIED_EXPRESSIONS_BLEND,LipPuckerLower,TEMPLATE,MOUTH,NONE,MOUTH,,,,
UNIFIED_EXPRESSIONS_BLEND,LipPucker,TEMPLATE,MOUTH,NONE,MOUTH,,,,
UNIFIED_EXPRESSIONS_BLEND,MouthUpperUp,TEMPLATE,MOUTH,NONE,MOUTH,,,,
UNIFIED_EXPRESSIONS_BLEND,MouthLowerDown,TEMPLATE,MOUTH,NONE,MOUTH,,,,
UNIFIED_EXPRESSIONS_BLEND,MouthOpen,TEMPLATE,MOUTH,NONE,MOUTH,,,,
UNIFIED_EXPRESSIONS_BLEND,MouthRight,TEMPLATE,MOUTH,NONE,MOUTH,,,,
UNIFIED_EXPRESSIONS_BLEND,MouthLeft,TEMPLATE,MOUTH,NONE,MOUTH,,,,
UNIFIED_EXPRESSIONS_BLEND,MouthSmileRight,TEMPLATE,MOUTH,NONE,MOUTH,,,,
UNIFIED_EXPRESSIONS_BLEND,MouthSmileLeft,TEMPLATE,MOUTH,NONE,MOUTH,,,,
UNIFIED_EXPRESSIONS_BLEND,MouthSmile,TEMPLATE,MOUTH,NONE,MOUTH,,,,
UNIFIED_EXPRESSIONS_BLEND,MouthSadRight,TEMPLATE,MOUTH,NONE,MOUTH,,,,
UNIFIED_EXPRESSIONS_BLEND,MouthSadLeft,TEMPLATE,MOUTH,NONE,MOUTH,,,,
UNIFIED_EXPRESSIONS_BLEND,MouthSad,TEMPLATE,MOUTH,NONE,MOUTH,,,,
UNIFIED_EXPRESSIONS_BLEND,MouthStretch,TEMPLATE,MOUTH,NONE,MOUTH,,,,
UNIFIED_EXPRESSIONS_BLEND,MouthDimple,TEMPLATE,MOUTH,NONE,MOUTH,,,,
UNIFIED_EXPRESSIONS_BLEND,MouthTightener,TEMPLATE,MOUTH,NONE,MOUTH,,,,
UNIFIED_EXPRESSIONS_BLEND,MouthPress,TEMPLATE,MOUTH,NONE,MOUTH,,,,
